ItemId,Description,CaseQty,CaseUOM,PakQty,PakUOM,InventoryGroup
I-4472,AVOCADO MX,20.000,CT,1.000,CT,PRODUCE
I-4973,AVOCADO PULP CHUNKY,12.000,bag,454.000,g,PRODUCE
I-27410,BACON 3MM NATURALLY SMKD,5.000,Kg,1.000,Kg,MEAT
I-1286,BAGEL WHOLE WHEAT (6 PACK),6.000,CT,1.000,CT,BREAD
I-3130,BASE BEEF CONC LIQ G/FREE,4.000,pak,946.000,ml,FOOD - GROCERY
I-3141,BASE VEG CONC LIQ G/FREE,4.000,pak,946.000,ml,FOOD - GROCERY
I-3619,BAY LEAF WHL SHAKER TFC,8.000,each,84.000,g,SPICES
I-3143,BEANS CHICK PEAS GARBANZO,6.000,LG CAN,2.840,L,FOOD - GROCERY
I-3149,BEANS TURTLE BLACK,6.000,LG CAN,2.840,L,FOOD - GROCERY
I-37005,BEEF MEATBALLS,4.540,Kg,1000.000,g,MEAT
I-4521,BEETS BC,25.000,lb,1.000,lb,PRODUCE
I-13050,BEETS GOLDEN UBC,1.000,lb,1.000,lb,PRODUCE
I-4538,BROCCOLI CROWNS ( ICE-LESS ),20.000,lb,1.000,lb,PRODUCE
I-52090,BURGER BEEF & MUSHROOM HALAL,1.000,cs,48.000,CT,MEAT
I-4550,CABBAGE GREEN BC,50.000,lb,1.000,lb,PRODUCE
I-4558,"CABBAGE RED SHREDDED 1/8 BC""",5.000,lb,1.000,lb,PRODUCE
I-4556,CABBAGE REDBC,50.000,lb,1.000,lb,PRODUCE
I-13635,CABBAGE UBC,1.000,lb,1.000,lb,PRODUCE
I-4589,CARROTS JUMBO BC,50.000,lb,1.000,lb,PRODUCE
I-4572,CARROTS JUMBO PEELED US,25.000,lb,1.000,lb,PRODUCE
I-4590,CARROTS JUMBO US,50.000,lb,1.000,lb,PRODUCE
I-4574,CARROTS SHREDDED 1/8 (COARSE),5.000,lb,1.000,lb,PRODUCE
I-4593,CAULIFLOWER US 12CT,12.000,ea,1.000,CT,PRODUCE
I-3621,CAYENNE SHAKER TFC,8.000,each,454.000,g,SPICES
I-4598,CELERY US,36.000,CT,1.000,CT,PRODUCE
I-14181,CHEESE CHED SLICED 14G,24.000,pak,18.000,slice,DAIRY
I-17615,CHEESE HAVARTI SLCD,12.000,pak,17.000,slice,DAIRY
I-2141,CHEESE PARM SHRED 100% PURE,2.000,Kg,1.000,Kg,DAIRY
I-17618,CHEESE SWISS SLCD 14G,216.000,slice,1.000,slice,DAIRY
I-4031,CHICK BREAST B/LS/L BUTERFLY,1.000,Kg,1.000,Kg,POULTRY
I-4008,CHICK THIGH BL HALAL,1.000,Kg,1.000,Kg,POULTRY
I-4010,CHICK THIGH BONE IN HALAL,1.000,Kg,1.000,Kg,POULTRY
I-4016,"CHICK THIGH DICED HALAL 1""",1.000,Kg,1.000,Kg,POULTRY
I-19665,CHICK THIGH STIRFRY HALAL,1.000,Kg,1.000,Kg,POULTRY
I-40451,CHILI POWDER KOREAN,1.000,each,454.000,g,SPICES
I-3622,CHILI POWDER TFC,2.500,Kg,1.000,Kg,SPICES
I-3624,CHILI RED PEPPER CRUSHED,1.000,ea,2.267,Kg,SPICES
I-3623,CHILI RED PPR CRUSHD SKR,8.000,each,330.000,g,SPICES
I-19283,CHIP HARDBITE GOURMET BULK,5.000,bag,1.000,bag,"CHIPS, PRETZELS, NUTS"
I-57545,CHUCK FLAT BONELESS FZN,3.300,Kg,1.000,Kg,MEAT
I-4978,CORN KERNEL WHOLE GRADE A,6.000,bag,2.000,Kg,PRODUCE
I-29688,CROISSANT BUTTER MULTIGRAIN,54.000,ea,1.000,ea,BAKED GOODS
I-4626,CUCUMBER BC,12.000,CT,1.000,CT,PRODUCE
I-4628,CUCUMBER LE (12 CT)MX,3.000,HEAD,1.000,HEAD,PRODUCE
I-3630,CUMIN SEED GROUND,5.000,lb,454.000,oz,SPICES
I-2156,EGG LIQ WHL FRSH KOSHER ESL BG,2.000,bag,10.000,Kg,DAIRY
I-2158,EGG LRG BRN FR LOOSE PACK,15.000,DOZ,12.000,CT,DAIRY
I-3291,FLOUR ALL PURPOSE BAKER'S HOOD,10.000,Kg,1.000,Kg,FOOD - GROCERY
I-4657,GARLIC PEELED,5.000,lb,1.000,lb,PRODUCE
I-3632,GARLIC POWDER,5.000,lb,454.000,g,SPICES
I-51440,GHOST NUTRITION OIL,1.000,g,1.000,g,FOOD - GROCERY
I-9685,GINGER PEELED,1.000,lb,1.000,lb,PRODUCE
I-4660,GINGER PEELED,5.000,lb,1.000,lb,PRODUCE
I-2310,HAM HONEY,6.000,pak,25.000,slice,DELI & PREPARED MEAT
I-4508,HERB BASIL BC,1.000,lb,1.000,lb,PRODUCE
I-4341,HERB CILANTRO BUNCH 30CT,30.000,CT,1.000,CT,PRODUCE
I-4695,HERB ITALIAN PARSLEY BC,30.000,CT,1.000,lb,PRODUCE
I-4724,HERB MINT BC,1.000,lb,1.000,lb,PRODUCE
I-4772,HERB PARSLEY MX,3.000,BUNCH,1.000,BUNCH,PRODUCE
I-4983,HERB ROSEMARY FRESH,1.000,pak,8.000,oz,PRODUCE
I-4919,HERB THYME BC,1.000,lb,1.000,lb,PRODUCE
I-3321,HONEY LIQUID SQUEEZE Bott,6.000,Kg,1.000,Kg,FOOD - GROCERY
I-1813,JUICE LEMON FRESH 32Z,16.000,bottle,32.000,fl oz,BAKING-RAW INGREDIENTS
I-6443,JUICE LIME FRESH 16X32oz,16.000,bottle,32.000,fl oz,BAKING-RAW INGREDIENTS
I-52016,KAISER WW VEGAN SLICED,1.000,each,1.000,ea,BREAD
I-4698,KALE GREENUS,24.000,CT,1.000,CT,PRODUCE
I-3336,KETCHUP BIG RED PLAS,6.000,LG CAN,2.840,L,FOOD - GROCERY
I-54025,KIMCHI VEGETARIAN SUN TIGER,4.000,each,2.000,L,FOOD - GROCERY
I-6876,LEMONS 140 CT,3.000,lb,1.000,lb,PRODUCE
I-4709,LEMONS CHOICEUS,140.000,CT,1.000,CT,PRODUCE
I-4463,LETTUCE ARUGULA (WILD ORG)US,1.000,lb,1.000,lb,PRODUCE
I-4677,LETTUCE GREEN LEAF (LINER) US,24.000,CT,1.000,CT,PRODUCE
I-4693,LETTUCE ICEBERG (LINER)US,24.000,CT,1.000,CT,PRODUCE
I-4712,LIMES MX,140.000,CT,1.000,CT,PRODUCE
I-5003,MANGOES CHUNK IQF,5.000,Kg,1.000,Kg,PRODUCE
I-3348,MAYONNAISE 1/2 FAT TFC,2.000,4L,4.000,L,FOOD - GROCERY
I-3352,MAYONNAISE PAIL TFC 4L,2.000,each,4.000,L,FOOD - GROCERY
I-4737,MUSHROOMS SHITAKE,5.000,lb,1.000,lb,PRODUCE
I-3365,MUSTARD BIG YELLOW PLAS,4.000,JUG,2.840,L,FOOD - GROCERY
I-2897,MUSTARD DIJON GRAINY FLEUR,4.000,Kg,1.000,Kg,FOOD - GROCERY
I-3089,NOODLES STEAMED DRIED BULK,25.000,lb,1.000,lb,FOOD - GROCERY
I-10866,NUT CASHEW RAW PCS,2.270,Kg,1.000,Kg,FOOD - GROCERY
I-3386,OIL CANOLA HI LO BOX TFC,17.300,L,1.000,L,FOOD - GROCERY
I-3387,OIL CANOLA OLIVE OIL BLEND TFC,6.000,can,3.000,L,FOOD - GROCERY
I-3388,OIL CANOLA ROMANO TFC,6.000,can,3.000,L,FOOD - GROCERY
I-26014,OIL COCONUT FAT KOKOHEART,500.000,ml,1.000,ml,FOOD - GROCERY
I-6006,OIL OLIVE EXTRA VIRGIN TFC,4.000,can,3.000,L,FOOD - GROCERY
I-3392,OIL SESAME PURE,2.000,pak,1650.000,L,FOOD - GROCERY
I-4745,ONION PEELED US,50.000,lb,1.000,lb,PRODUCE
I-3639,ONION POWDER,5.000,lb,454.000,g,SPICES
I-4743,"ONIONS DICED 3/4 US""",5.000,lb,1.000,lb,PRODUCE
I-4375,ONIONS GREEN 48 CT,48.000,CT,1.000,CT,PRODUCE
I-4679,ONIONS GREEN MX,3.000,BUNCH,1.000,BUNCH,PRODUCE
I-6807,ONIONS RED 5LB,5.000,lb,1.000,lb,PRODUCE
I-4750,ONIONS RED PEELED,25.000,lb,1.000,lb,PRODUCE
I-4381,ONIONS YELLOW JUMBO,40.000,lb,1.000,lb,PRODUCE
I-4764,ORANGES SUNKIST US,113.000,CT,1.000,CT,PRODUCE
I-2911,OREGANO RUBBED,5.000,lb,0.453,Kg,SPICES
I-3640,PAPRIKA SHAKER TFC,8.000,ea,454.000,g,SPICES
I-5978,PAPRIKA SWEET SMOKED,500.000,g,1.000,g,SPICES
I-8864,PASTA PAPPARDELLE DECECCO #201,8.000,CT,500.000,g,FOOD - GROCERY
I-3416,PASTA PENNE WHOLE WHEAT TFC,2.000,bag,10.000,lb,FOOD - GROCERY
I-3424,PASTA SPAG WHEAT WHOLE TFC,2.000,bag,10.000,lb,FOOD - GROCERY
I-3434,PASTE TAHINI,2.000,bag,5.000,Kg,FOOD - GROCERY
I-3435,PASTE TOMATO LOCAL,6.000,LG CAN,2.840,L,FOOD - GROCERY
I-3643,PEPPER BLACK FINE TFC,1.000,each,2.267,Kg,SPICES
I-3642,PEPPER BLK COARSE GRD SHK,1.000,ea,2267.900,g,SPICES
I-3647,PEPPER WHITE GROUND TFC,2.500,Kg,1.000,Kg,SPICES
I-42230,PEPPERCORN BLACK STANDARD,5.000,lb,454.000,g,SPICES
I-3649,PEPPERCORN BLACK WHL TFC,12.000,ea,575.000,g,SPICES
I-4785,PEPPERS GREEN,5.000,lb,1.000,lb,PRODUCE
I-35792,PEPPERS HABANERO,4535.000,g,1.000,g,PRODUCE
I-4787,PEPPERS JALAPENO GREEN 10 LBS,10.000,lb,1.000,lb,PRODUCE
I-30068,PEPPERS POBLANO,10.000,lb,1.000,lb,PRODUCE
I-4793,PEPPERS RED HH BC,11.000,lb,1.000,lb,PRODUCE
I-4796,PEPPERS THAI RED CHILI IM,1.000,lb,1.000,lb,PRODUCE
I-6017,PICKLE DILL SPEAR,1.000,pail,19.000,L,FOOD - GROCERY
I-30101,PINEAPPLE CHUNKS FRZN,2.000,bag,2.500,Kg,PRODUCE
I-3458,PINEAPPLE PIZZA CUT L/S TFC,6.000,LG CAN,2.840,L,FOOD - GROCERY
I-1035,PITA THK 5IN T/S FZN,10.000,DOZ,12.000,CT,BREAD
I-3851,PORK BUTT BNLS 1/4 COV FR,1.000,Kg,1.000,Kg,MEAT
I-33795,POTATO WEDGE RED SKIN HMSTYL,27.000,lb,1.000,lb,PRODUCE
I-4819,POTATO YELLOW BABYBC,50.000,lb,1.000,lb,PRODUCE
I-11185,QUINOA WHITE,10.000,Kg,35.274,oz,FOOD - GROCERY
I-4826,RADISH BUNCHED(48 CT) BC,3.000,BUNCH,1.000,BUNCH,PRODUCE
I-3472,RELISH CRYOVAC,2.000,6L,6.000,L,FOOD - GROCERY
I-36672,RICE BASMATI BROWN U.S.,1.000,ea,25.000,lb,FOOD - GROCERY
I-36764,RICE CALROSE BROWN,10.000,lb,1.000,lb,FOOD - GROCERY
I-58278,SAL ATL FLT KUTERRA OW S/ONVAC,1.000,lb,1.000,lb,SEAFOOD
I-4852,SALSA MANGO & PINEAPPLE DICED,8.000,lb,1.000,lb,PRODUCE
I-3497,SALT HI GR NON IODIZED,20.000,Kg,1.000,Kg,SPICES
I-6026,SALT KOSHER WINDSOR,16.320,Kg,1000.000,g,SPICES
I-12176,SALT SEA COARSE KOSHER,1.000,CT,2.270,Kg,SPICES
I-7705,SAUCE MIRIN,6.000,bottle,1.800,L,FOOD - GROCERY
I-10882,SAUCE SAMBAL OLEK 3X3.5L,3.000,jar,3.500,L,FOOD - GROCERY
I-47774,SAUCE SOY LOW SOD G/FREE,11.340,L,1.000,L,FOOD - GROCERY
I-3560,SAUCE SWEET CHILI THAI STYL,2.000,each,4.000,L,FOOD - GROCERY
I-22026,SAUCE TABASCO GREEN PEPPER,2.000,JUG,1.890,L,FOOD - GROCERY
I-5130,SEAWEED SALAD NATURAL O/WISE,1.000,lb,1.000,lb,SEAFOOD
I-3312,SEED FENNEL WHOLE,1.000,pak,16.000,oz,SPICES
I-3590,SEED SESAME RST - NO SALT TFC,3.000,Kg,1.000,Kg,SPICES
I-3591,SEED SESAME WHOLE WHITE,5.000,lb,454.000,g,SPICES
I-3589,SESAME BLACK,1.000,lb,1.000,lb,SPICES
I-4894,SHALLOTS PEELED,5.000,lb,1.000,lb,PRODUCE
I-5021,SOYBEAN EDAMAME SHELLED FZN,20.000,lb,1.000,lb,PRODUCE
I-19610,SPICE CORIANDER WHOLE,1.000,ea,80.000,oz,BAKING-RAW INGREDIENTS
I-4896,SPINACH WASHED NO STEM US,1.000,bag,2.500,lb,PRODUCE
I-4509,SPROUTS BEAN BC,5.000,lb,1.000,lb,PRODUCE
I-6820,STARCH CORN,5.000,Kg,1.000,Kg,FOOD - GROCERY
I-40936,STARCH POTATO,1.000,cs,25000.000,g,FOOD - GROCERY
I-3658,SUGAR GOLDEN YEL 20KG,20.000,Kg,1.000,Kg,FOOD - GROCERY
I-3657,SUGAR GOLDEN YEL 2KG,12.000,pak,2.000,Kg,FOOD - GROCERY
I-3660,SUGAR GRANULATED FINE,10.000,Kg,1.000,Kg,FOOD - GROCERY
I-16979,SWEET POTATO PEELED,5.000,lb,1.000,lb,PRODUCE
I-3318,THYME WHOLE,1.000,pak,236.000,g,SPICES
I-7388,TOFU EXTRA FIRM,12.000,CT,0.350,Kg,FOOD - GROCERY
I-4920,TOMATILLOS,10.000,lb,1.000,lb,PRODUCE
I-19737,TOMATO CRUSHED,6.000,can,2.840,L,FOOD - GROCERY
I-4927,TOMATOES CHERRY LOOSE CLAM BC,12.000,pak,340.000,g,PRODUCE
I-17159,TOMATOES GRAPE 10LB,10.000,lb,1.000,lb,PRODUCE
I-4932,TOMATOES RED ON VINEBC,11.000,lb,1.000,lb,PRODUCE
I-35791,TOMATOES ROMA,5.000,lb,453.000,g,PRODUCE
I-4933,TOMATOES ROMA MX,25.000,lb,1.000,lb,PRODUCE
I-3688,TORTILLA WHT CORN TAQ 4IN FZ,11.000,bag,60.000,CT,FOOD - GROCERY
I-17047,TUNA ALBACORE LOIN MED MSC,1.000,lb,1.000,lb,SEAFOOD
I-27407,TURKEY SAUSAGE BREAKFAST,20.000,ea,1.000,ea,POULTRY
I-9382,VINEGAR APPLE CIDER PURE,2.000,bottle,5.000,L,FOOD - GROCERY
I-3695,VINEGAR RED WINE TFC,2.000,pail,5.000,L,FOOD - GROCERY
I-3696,VINEGAR RICE,12.000,bottle,710.000,ml,FOOD - GROCERY
I-3698,VINEGAR WHITE PURE DISTILLED,4.000,pail,5.000,L,FOOD - GROCERY
I-5983,WATER FOR RECIPES,1.000,L,1.000,L,BEVERAGE
I-10611,WON TON WRAPPER,1.000,lb,1.000,lb,FOOD - GROCERY
I-4962,ZUCCHINI BC,25.000,lb,1.000,lb,PRODUCE
I-44059,ALMOND BUTTER,4.000,Kg,1.000,Kg,FOOD - GROCERY
I-3117,APRICOTS DRIED TFC,12.000,pak,450.000,g,FOOD - GROCERY
I-4971,ARTICHOKE 1/4 SALAD CUT TFC,6.000,LG CAN,2.500,Kg,PRODUCE
I-4507,BANANA,40.000,lb,2.000,piece,PRODUCE
I-3145,BEANS PINTO.,6.000,LG CAN,2.840,L,FOOD - GROCERY
I-3146,BEANS REFRIED,6.000,LG CAN,2.840,L,FOOD - GROCERY
I-43544,BEANS WHITE CANNELLINI,16.000,L,1.000,L,FOOD - GROCERY
I-43608,BEER PHILLIPS SHORT WAVE 355ML,6.000,can,1.000,can,"PACKAGED BEER, CIDER"
I-8060,BUTTER UNSALTED FRS 454G,1.000,ea,454.000,g,DAIRY
I-3159,CAPER CAPUCINE 2L,2.000,bottle,2.000,L,FOOD - GROCERY
I-3182,CEREAL OAT QUICK TFC,1.000,bag,10.000,Kg,FOOD - GROCERY
I-47399,CHEESE CHED AGE WHT SHRED,4.000,pak,2.270,Kg,DAIRY
I-15033,CHEESE GOAT CHEVRE LOG FRSH,2.000,CT,1.000,Kg,DAIRY
I-14179,CHEESE MOZZA SHRED PIZZA BLEND,4.000,bag,2.500,Kg,DAIRY
I-2146,CHEESE RICOTTA BARI,4.000,Kg,1.000,Kg,DAIRY
I-19143,CHIA SEEDS BLACK ORGANIC,5.000,Kg,1000.000,g,SPICES
I-8363,CHICK WINGS SPLT FRESH HALAL,1.000,Kg,1.000,Kg,POULTRY
I-37478,CHILE ARBOL,1000.000,g,1.000,g,FOOD - GROCERY
I-55414,CIABATTA WHL WHT SLCD 3 X 5.5,54.000,each,1.000,each,BREAD
I-2979,CINNAMON GROUND BULK,5.000,lb,454.000,g,SPICES
I-3625,CINNAMON GROUND SHAKER,8.000,each,454.000,g,SPICES
I-11215,CLOVES (WHOLE),1.000,each,1.001,lb,SPICES
I-3628,CLOVES GROUND TFC,1.000,ea,454.000,g,SPICES
I-40951,COCONUT CHIP RIBBON CUT,5.000,Kg,1000.000,g,BAKING-RAW INGREDIENTS
I-3223,COCONUT MILK 17/19% MILK FAT,6.000,LG CAN,2.840,L,FOOD - GROCERY
I-17557,COD GREY 4OZ LOIN IQF MSC,1.000,lb,1.000,lb,SEAFOOD
I-3629,CORIANDER GROUND,5.000,lb,16.000,oz,SPICES
I-3233,COUSCOUS MED REG,10.000,Kg,1.000,Kg,FOOD - GROCERY
I-42360,CURRY POWDER MADRAS HOT,8.000,ea,454.000,g,SPICES
I-20206,DATE DRY PITTED,12.500,Kg,1.000,Kg,FOOD - GROCERY
I-3284,EXTRACT VANILLA PURE,1.000,500ML,1.000,500ML,FOOD - GROCERY
I-3898,FALAFEL BALL 300CT,5.500,Kg,1.000,Kg,MEAT
I-2987,FLAX SEEDS GOLDEN 1 KG,0.680,Kg,1.000,Kg,FOOD - GROCERY
I-3290,FLOUR A/P BLEACHED TFC,20.000,Kg,1.000,Kg,FOOD - GROCERY
I-2603,FRIES 3/8IN W/SKIN TFC,6.000,bag,4.500,lb,PRODUCE
I-23753,HEMP HEARTS HULLED ORGANIC,1.000,each,1.000,Kg,FOOD - GROCERY
I-4848,HERB SAGE BC,1.000,lb,1.000,lb,PRODUCE
I-1820,JUICE ORANGE UNSWEETENED TETRA,12.000,L,1.000,L,BEVERAGE
I-13254,KALE BABY GREEN,2.000,lb,1.000,lb,PRODUCE
I-4699,KALE GREEN (24CT),1.000,HEAD,250.000,g,PRODUCE
I-4915,LETTUCE SWISS CHARD RED BC,12.000,HEAD,1.000,HEAD,PRODUCE
I-60772,MAYONAISE VEGAN HELLMAN'S,2.000,pail,3.780,L,FOOD - GROCERY
I-2251,MILK 2% 4L - JUG,1.000,4L,4.000,L,DAIRY
I-3355,MILK ALMOND ORIGINAL,12.000,pak,946.000,ml,FOOD - GROCERY
I-3363,MIX TEMPURA BATTER,6.000,bag,5.000,lb,FOOD - GROCERY
I-4725,MUSHROOM SLICED BC,10.000,lb,1.000,lb,PRODUCE
I-3637,MUSTARD GROUND SHAKER,8.000,ea,454.000,g,SPICES
I-36577,NOODLES SOBA BUCKWHEAT,10.000,lb,1.000,lb,FOOD - GROCERY
I-30178,NORI SHEETS,100.000,each,1.000,SHEET,FOOD - GROCERY
I-22224,NUT ALMOND,2.270,Kg,1.000,Kg,FOOD - GROCERY
I-3638,NUTMEG GROUND SHAKER TFC,8.000,each,454.000,g,SPICES
I-3389,OIL OLIVE 100% EXTRA VIRGIN,4.000,can,3.000,L,FOOD - GROCERY
I-3243,PANKO CRUMB BREAD JAP STYL,25.000,lb,1.000,lb,FOOD - GROCERY
I-41181,PAPADUM PLAIN,1200.000,ea,1.000,ea,FOOD - GROCERY
I-3408,PASTA LASAGNA O/R 10IN,10.000,lb,1.000,lb,FOOD - GROCERY
I-37842,PASTA MACARONI ELBOW WH WHEAT,2.000,bag,4.540,Kg,FOOD - GROCERY
I-16215,PASTE KOREAN HOT PEPPER,3.000,Kg,1.000,Kg,FOOD - GROCERY
I-6812,PEPPER BLK COARSE,2.100,Kg,1.000,Kg,SPICES
I-30504,PEPPER RED FLAKES KOREAN,1.000,each,500.000,g,SPICES
I-3451,PEPPER SWEET RED RST TFC,6.000,LG CAN,2.560,L,FOOD - GROCERY
I-4832,"PEPPERS RED DICED 1/4 US""",5.000,lb,1.000,lb,PRODUCE
I-3454,PICKLE DILL SAND LG SLCD 3/16,19.000,L,1.000,L,FOOD - GROCERY
I-3468,PUMPKIN PURE CAN,6.000,LG CAN,2.840,L,FOOD - GROCERY
I-3016,PUMPKIN SEEDS 2 KG,3.000,Kg,1.000,Kg,FOOD - GROCERY
I-7710,PUMPKIN UBC FARM,1.000,CT,1.000,CT,PRODUCE
I-3779,QUINOA NON-ORGANIC,11.350,Kg,1.000,Kg,FOOD - GROCERY
I-6466,SALT CELERY,1.000,each,918.000,g,SPICES
I-37469,SAUCE HOT VALENTINA,12.000,jar,946.000,ml,FOOD - GROCERY
I-3524,SAUCE MANGO CHUTNEY GREEN LBL,2.000,bag,2.600,Kg,FOOD - GROCERY
I-2697,SAUCE PESTO NO NUT,6.000,bag,454.000,g,FOOD - GROCERY
I-3572,SAUCE WORCESTERSHIRE,2.000,JUG,3.700,L,FOOD - GROCERY
I-40944,SEED HEMP,5.000,Kg,1000.000,g,SPICES
I-2254,SOUR CREAM CORR BOX 4L,1.000,4L,4.000,L,DAIRY
I-4488,SPINACH BABY US,4.000,lb,1.000,lb,PRODUCE
I-5022,SPINACH CHOPPED FZN,12.000,BLOCK,1.250,Kg,PRODUCE
I-4914,SWEET POTATO US,40.000,lb,1.000,lb,PRODUCE
I-3670,SYRUP MAPLE CDN ORIG,6.000,JUG,2.000,L,FOOD - GROCERY
I-18803,TOMATO SUNDRIED IN OIL,8.000,L,1.000,L,FOOD - GROCERY
I-6434,TOMATOES GRAPE,4.540,Kg,2.200,lb,PRODUCE
I-15358,TORTILLA CORN WHTE 6IN EX THN,720.000,ea,1.000,ea,FOOD - GROCERY
I-1152,TORTILLA FLOUR W/ WHEAT 12IN,12.000,pak,10.000,CT,BAKED GOODS
I-3654,TURMERIC GROUND SHAKER,8.000,ea,454.000,g,SPICES
I-3692,VINEGAR BALSAMIC PAIL,2.000,pail,5.000,L,FOOD - GROCERY
I-43722,YOGURT GREEK VEGAN,2.640,Kg,1.000,Kg,DAIRY
I-7631,5 SPICE POWDER,1.000,ea,1.000,lb,SPICES
I-43652,ANCHO CHILLI,1.200,Kg,1.000,Kg,FOOD - GROCERY
I-4496,BAK CHOY BABY BC,30.000,lb,1.000,lb,PRODUCE
I-17203,BALSAMIC GLAZE,2.000,bottle,2.000,L,FOOD - GROCERY
I-2567,BEAN GREEN WHL GRADE A IQF,6.000,bag,1.500,Kg,PRODUCE
I-23336,BEANS CANNELLINI,6.000,can,2.840,L,FOOD - GROCERY
I-3743,BEANS TURTLE BLACK T(US),11.350,Kg,1.000,Kg,FOOD - GROCERY
I-3148,BEANS TURTLE BLK DRY,10.000,Kg,1.000,Kg,FOOD - GROCERY
I-37002,BEEF INSIDE ROUND SHAVED,9.000,Kg,1000.000,g,MEAT
I-10869,BEEF STIRFRY COV FR,5.000,Kg,1.000,Kg,MEAT
I-41921,BROCCOLI FLORET IQF,8.000,Kg,1.000,Kg,PRODUCE
I-4555,"CABBAGE GREEN SHREDDED 1/8 BC""",5.000,lb,1.000,lb,PRODUCE
I-4975,CAULIFLOWER FLORET GRD A IQF,6.000,bag,2.000,Kg,PRODUCE
I-4597,CAULIFLOWER FLORETS H/CUS,5.000,lb,1.000,lb,PRODUCE
I-56920,CAULIFLOWER RICED FZN,4.000,bag,2.000,Kg,PRODUCE
I-2122,CHEESE FETA IN BRINE,3.000,Kg,1.000,Kg,DAIRY
I-37477,CHILE GUAJILLO,1000.000,g,1.000,g,FOOD - GROCERY
I-41492,CHILI ANCHO,1.000,ea,1000.000,g,FOOD - GROCERY
I-41491,CHILI CHIPOTLE WHOLE,1.000,each,1000.000,g,FOOD - GROCERY
I-5975,CHILI MEXICAN POWDER,1.000,ea,2.267,Kg,SPICES
I-1120,FLATBREAD NAP 10X5IN T/S FZN,18.000,CT,1.000,CT,BREAD
I-2311,HAM PROSCIUTTO BNLS,1.000,Kg,1.000,Kg,DELI & PREPARED MEAT
I-4708,HERB LEMON GRASS IM,40.000,ea,1.000,lb,PRODUCE
I-4767,HERB OREGANO (Calmshell)BC,1.000,lb,16.000,oz,PRODUCE
I-1821,JUICE PINEAPPLE TETRA,12.000,bottle,960.000,ml,BEVERAGE
I-11312,LEAF MAKRUT LIME,1.000,lb,16.000,oz,PRODUCE
I-4703,LEEKS BC,5.000,lb,1.000,lb,PRODUCE
I-2220,MILK 2% 20L TUBE - BAG,20.000,L,1.000,L,DAIRY
I-5006,MIX VEGETABLE 5 VEG GRADE A,6.000,bag,2.000,Kg,PRODUCE
I-4731,MUSHROOMS FOODSERVICE BC,10.000,lb,1.000,lb,PRODUCE
I-4742,"ONIONS DICED 1/4 US""",5.000,lb,1.000,lb,PRODUCE
I-17150,ONIONS JUMBO PEELED 5LB,5.000,lb,1.000,lb,PRODUCE
I-2850,PASTE ACHIOTE RED LA PERLA,1320.000,g,1.000,g,FOOD - GROCERY
I-3428,PASTE CURRY GREEN THAI,12.000,JUG,1000.000,g,FOOD - GROCERY
I-3245,PASTE CURRY RED,4.000,jar,992.000,g,SPICES
I-11813,PASTE TAMARIND,12.000,jar,312.000,g,FOOD - GROCERY
I-3447,PEPPER CHIPOTLE IN ADOBO,12.000,SM CAN,199.000,ml,FOOD - GROCERY
I-3646,PEPPER WHITE GROUND SHK,12.000,ea,600.000,g,SPICES
I-5014,PEPPERS RED DCD GRADE A IQF,6.000,bag,2.000,Kg,PRODUCE
I-4795,PEPPERS SERRANO GREEN MX,1.000,lb,1.000,lb,PRODUCE
I-4797,PEPPERS YELLOW HH BC,11.000,lb,1.000,lb,PRODUCE
I-3856,PORK LOIN BNLS S/CUT COVFR,1.000,Kg,1.000,Kg,MEAT
I-3476,RICE BASMATI,18.100,Kg,1.000,Kg,FOOD - GROCERY
I-3477,RICE BROWN WHL GRAIN,20.000,lb,1.000,lb,FOOD - GROCERY
I-3478,RICE JASMINE,40.000,lb,1.000,lb,FOOD - GROCERY
I-3511,SAUCE CHILI CAN,6.000,LG CAN,2.840,L,FOOD - GROCERY
I-9379,SAUCE CHILI HOT SRIRACHA 740ML,12.000,bottle,0.740,L,FOOD - GROCERY
I-45114,SAUCE FISH VEGETARIAN 700ML,1.000,bottle,23.700,fl oz,FOOD - GROCERY
I-10864,SAUCE HOISIN GOLDEN DRAGON,2.000,JUG,4.000,L,FOOD - GROCERY
I-50575,SAUSAGE ITAL CRUMBLE CKD FRZ,2.000,bag,2.270,Kg,MEAT
I-17593,SHRIMPMT 125/175 MSC,1.000,lb,1.000,lb,SEAFOOD
I-6028,SUGAR BROWN DEMERARA,20.000,Kg,1.000,Kg,FOOD - GROCERY
I-35336,SUGAR PALM,24.000,lb,1.000,lb,FOOD - GROCERY
I-3676,TOMATO CRUSHED EXTRA HVY TFC,6.000,LG CAN,2.840,L,FOOD - GROCERY
I-3697,VINEGAR SHERRY JEREZ,6.000,L,1.000,L,FOOD - GROCERY
I-7949,WINE COOKING MIRIN,6.000,bottle,1.800,L,FOOD - GROCERY
I-51962,CHEESE CURD POUTINE BULK,5.000,bag,2000.000,g,DAIRY
I-17617,CHEESE PROVOLONE SLCD 14G,214.000,slice,1.000,slice,DAIRY
I-3965,CHICK CRUNCHY FLT BRD,2.000,bag,2.000,Kg,POULTRY
I-3983,CHICKEN BREAST BONELESS FRESH,1.000,Kg,1.000,Kg,POULTRY
I-2586,CREPE 7IN TFC,144.000,CT,1.000,CT,BAKED GOODS
I-1197,ENGLISH MUFFIN WHOLE WHEAT,24.000,pak,6.000,CT,BREAD
I-2609,FRIES SWT POTATO 5/16IN FZN,6.000,bag,2.500,lb,PRODUCE
I-9830,GRAVY MIX POUTINE GF,6.000,pak,453.000,g,FOOD - GROCERY
I-2306,HAM BLACK FOREST slc,6.000,pak,25.000,slice,DELI & PREPARED MEAT
I-4847,HERB ROSEMARY BC,1.000,lb,1.000,lb,PRODUCE
I-6777,LETTUCE ROMAINE(LINER),24.000,CT,1.000,CT,PRODUCE
I-13004,LOAF COUNTRY FRENCH.,1.000,CT,1.000,CT,BREAD
I-3368,MUSTARD DIJON GRAINY OLD FASH,2.000,pail,4625.000,ml,FOOD - GROCERY
I-3370,MUSTARD DIJON HOT,2.000,each,4625.000,ml,FOOD - GROCERY
I-3433,PASTE SAMBAL OELEK,6.000,jar,668.000,ml,FOOD - GROCERY
I-9831,RADISH BUNCHED 48CT,3.000,BUNCH,1.000,BUNCH,PRODUCE
I-13226,SALAD MIX ARCADIAN,3.000,bag,2.000,lb,PRODUCE
I-11808,SALAD MIX UBC FARM,1.000,lb,1.000,lb,PRODUCE
I-3371,SAUCE HONEY MUSTARD 4L,2.000,JUG,4.000,L,FOOD - GROCERY
I-14773,SAUCE MIX HOLLANDAISE,6.000,pak,0.800,Kg,FOOD - GROCERY
I-54207,SAUCE PLUM TFC 4L,2.000,JUG,4.000,L,FOOD - GROCERY
I-3557,SAUCE SWEET AND SOUR TFC,2.000,JUG,4.000,L,FOOD - GROCERY
I-17667,SAUSAGE CHORIZO MEAT,5.000,Kg,1.000,Kg,MEAT
I-13303,SAUSAGE PATTIES PORK,5.000,Kg,20.000,ea,MEAT
I-3577,SEASONING CAJUN RUB,1.000,each,454.000,g,SPICES
I-11842,SOURDOUGH LOAFCOUNTRY,1.000,LOAF,1.000,LOAF,BREAD
I-2899,SPREAD NUTELLA HAZELNUT,2.000,TUB,3000.000,g,FOOD - GROCERY
I-3667,SUNFLOWER SEED HULLED RST,12.000,Kg,1.000,Kg,FOOD - GROCERY
I-6850,YOGURT GREEK,1.000,TUB,4000.000,g,DAIRY
I-4495,BAK CHOY (60 LBS)US,50.000,lb,1.000,lb,PRODUCE
I-3119,BAKING SODA,1.000,box,500.000,g,FOOD - GROCERY
I-7064,BEEF OUTSIDE FLAT AAA,1.000,Kg,1.000,Kg,MEAT
I-4535,BLUEBERRIES CULT IQF,5.000,Kg,1.000,Kg,PRODUCE
I-1028,BREAD NAAN ORIGINAL TEARDROP,48.000,CT,1.000,CT,BAKED GOODS
I-60804,BUTTER VEGAN PLANT BASED,30.000,lb,1.000,lb,DAIRY
I-43958,CHICK SKEWERS 50G,60.000,each,1.000,each,POULTRY
I-11094,CORN KERNALS FRZN,2.000,Kg,1.000,Kg,PRODUCE
I-2217,CREAM WHIP 33% 1L (RED),1.000,L,1.000,L,DAIRY
I-9832,DAIKON,40.000,lb,1.000,lb,PRODUCE
I-10865,FLOUR AP/UNBLEACHED TFC,20.000,Kg,1.000,Kg,FOOD - GROCERY
I-11207,GARAM MASALA,8.000,ea,454.000,g,SPICES
I-11216,KASOORI METHI MDH,1.000,Kg,1.000,Kg,SPICES
I-17932,KELP KONBU,1.000,pak,1.000,Kg,PRODUCE
I-4690,LETTUCE BUTTER HH BC,24.000,CT,1.000,CT,PRODUCE
I-24227,LOAF ORGANIC MULTIGRAIN PAN,1.000,LOAF,1.000,LOAF,BREAD
I-3636,MARJORAM LEAF TFC,8.000,each,170.000,g,SPICES
I-3083,NOODLES SHANGHAI THICK,4.000,bag,5.000,lb,FOOD - GROCERY
I-11217,OIL MUSTARD PURE,12.000,L,1.000,L,BAKING-RAW INGREDIENTS
I-10149,ONIONS GREEN BUNCHED,1.000,BUNCH,1.000,BUNCH,PRODUCE
I-11240,PANEER FRESH NANAK,4.200,Kg,1.000,Kg,BAKING-RAW INGREDIENTS
I-3316,PARSLEY FLAKE TFC,1.000,pak,265.000,g,SPICES
I-9687,PASTE MISO YELLOW SHIRO,1.000,Kg,1.000,Kg,FOOD - GROCERY
I-2656,PEAS ASSORTED SIZE GRADE A IQF,6.000,bag,2.000,Kg,PRODUCE
I-35685,PEAS SHOOT,453.000,g,1.000,g,PRODUCE
I-2051,PEPPER BLACK GROUND VALLI,2.700,Kg,1.000,Kg,SPICES
I-3448,PEPPER HOT BANANA RING SLCD,2.000,4L,4.000,L,FOOD - GROCERY
I-40458,PEPPERCORN SCHEZCHUAN,1.000,pak,454.000,g,SPICES
I-3855,PORK GRD FRZ,5.000,Kg,1.000,Kg,MEAT
I-4818,POTATO WHITE BABY (NUGGET)BC,50.000,lb,1.000,lb,PRODUCE
I-7912,RAMEN NOODLES,40.000,CT,0.150,Kg,FOOD - GROCERY
I-4830,RASPBERRIES FRZN IQFSHB,5.000,Kg,1.000,Kg,PRODUCE
I-3635,ROSEMARY LEAF TFC,8.000,each,315.000,g,SPICES
I-17054,SAUCE CHILI BEAN,6.000,can,2.270,g,FOOD - GROCERY
I-3545,SAUCE SOY G/FREE,6.000,JUG,1.890,L,FOOD - GROCERY
I-60805,SAUCE WORCESTERSHIRE VEGAN,12.000,bottle,251.000,ml,FOOD - GROCERY
I-2317,SAUSAGE FARMER DOUBLE SMOKED,1.000,Kg,1.000,Kg,MEAT
I-11211,SEED CUMIN WHOLE,5.000,lb,454.000,g,SPICES
I-3656,STARCH CORN RESEALABLE,12.000,bag,0.454,Kg,FOOD - GROCERY
I-44341,TOGARASHI NANAMI CHILI BLEND,1.000,pak,500.000,g,SPICES
I-3679,TOMATO PEAR DCD TFC,6.000,LG CAN,2.840,L,FOOD - GROCERY
I-3681,TOMATO PUREE HEAVY TFC,6.000,LG CAN,2.840,L,FOOD - GROCERY
I-1143,TORTILLA FLOUR 12IN,12.000,pak,10.000,CT,BAKED GOODS
I-17686,TORTILLA RICE BROWN GF,72.000,ea,1.000,ea,BAKED GOODS
I-7065,TURKEY RST COMBO SURE SLICE,1.000,Kg,1.000,Kg,POULTRY
I-40436,UMAMI DUST SEASONING,5.000,ea,454.000,g,SPICES
I-3694,VINEGAR MALT 5PCT,4.000,4L,4.000,L,FOOD - GROCERY
I-4949,WATERMELON SDLS MX,1.000,lb,1.000,lb,PRODUCE
